{
  "project_info": {
    "project_number": "660617798325",
    "firebase_url": "https://ifresh-dc66a.firebaseio.com",
    "project_id": "ifresh-dc66a",
    "storage_bucket": "ifresh-dc66a.appspot.com"
  },
  "client": [
    {
      "client_info": {
        "mobilesdk_app_id": "1:660617798325:android:f542a4e98fbc07205594fc",
        "android_client_info": {
          "package_name": "com.ifresh.customer"
        }
      },
      "oauth_client": [
        {
          "client_id": "660617798325-g4a89l3p8psp8vihg3j24vj28n15duhj.apps.googleusercontent.com",
          "client_type": 1,
          "android_info": {
            "package_name": "com.ifresh.customer",
            "certificate_hash": "80381049c6f7c70e63f1cb22503210e3e82c4657"
          }
        },
        {
          "client_id": "660617798325-i4u8n3nfdnfpkqopgki9rqouem2i4m6l.apps.googleusercontent.com",
          "client_type": 1,
          "android_info": {
            "package_name": "com.ifresh.customer",
            "certificate_hash": "2a9c3b9a038147a4cdb8454decb23231caa53634"
          }
        },
        {
          "client_id": "660617798325-me48j1i8i52jr0oooavsnb75md8vr73a.apps.googleusercontent.com",
          "client_type": 1,
          "android_info": {
            "package_name": "com.ifresh.customer",
            "certificate_hash": "7e0fe76a18145bb8f635d21bad23d2960f8001aa"
          }
        },
        {
          "client_id": "660617798325-uk0oqerg8t7t9btsvlam7i9uekhdb4hu.apps.googleusercontent.com",
          "client_type": 1,
          "android_info": {
            "package_name": "com.ifresh.customer",
            "certificate_hash": "3d10358aec73a167727866495ad54d61041f0bc1"
          }
        }
      ],
      "api_key": [
        {
          "current_key": "AIzaSyBigzFJ6ag5E7pgeCdvpZbig7vKPYSUGx0"
        }
      ],
      "services": {
        "appinvite_service": {
          "other_platform_oauth_client": []
        }
      }
    }
  ],
  "configuration_version": "1"
}