{"sucess":200,"msg":"","data":[
  {"user_id":null,"has_expiry":true,"is_active":1,"created":"2021-01-02T05:26:27.826Z","modified":"2021-01-02T07:36:10.501Z","_id":"5ff005d1916cdb1e230fe0d8","title":"DbZ9DXux","franchise_id":"5f9bdf000842774b6138411d","coupon":"coupon_1609566667869.jpeg","start_date":"2021-01-02T00:00:00.000Z","end_date":"2021-02-02T00:00:00.000Z","uses_number":1,"reuse_by_same_user":false,"disc_in":1,"disc_value":1,"createdby":"5f605acbae6da8148b6288a3","modifiedby":"5f605acbae6da8148b6288a3","__v":0}]}