{"sucess":200,"msg":"","data":[{"user_id":null,"has_expiry":true,"is_active":1,"created":"2021-01-02T05:26:27.826Z","modified":"2021-01-02T07:36:10.501Z","_id":"5ff005d1916cdb1e230fe0d8","title":"DbZ9DXux","franchise_id":"5f9bdf000842774b6138411d","coupon":"coupon_1609566667869.jpeg","start_date":"2021-01-02T00:00:00.000Z","end_date":"2021-02-02T00:00:00.000Z","uses_number":1,"reuse_by_same_user":false,"disc_in":1,"disc_value":1,"createdby":"5f605acbae6da8148b6288a3","modifiedby":"5f605acbae6da8148b6288a3","__v":0},{"user_id":null,"has_expiry":true,"is_active":1,"created":"2021-01-02T05:26:27.826Z","modified":"2021-01-02T05:26:27.826Z","_id":"5ff006b25c559e1ed39f2f1a","title":"kRQm4n7Z","franchise_id":"5f9bdf000842774b6138411d","coupon":"coupon_1609566850817.png","start_date":"2021-01-02T00:00:00.000Z","end_date":"2021-02-02T00:00:00.000Z","uses_number":1,"reuse_by_same_user":false,"disc_in":1,"disc_value":1,"createdby":"5f605acbae6da8148b6288a3","modifiedby":"5f605acbae6da8148b6288a3","__v":0},{"user_id":"5fddf212597d968b980309ba","has_expiry":false,"is_active":1,"created":"2021-01-02T05:50:17.686Z","modified":"2021-01-02T11:35:53.728Z","_id":"5ff009e3276a3b1f2ac56a9a","title":"kRQm4nZ7","franchise_id":"5f9bdf000842774b6138411d","coupon":"coupon_1609587344746.jpg","start_date":"2021-01-02T00:00:00.000Z","end_date":"2021-01-02T00:00:00.000Z","uses_number":0,"reuse_by_same_user":false,"disc_in":1,"disc_value":2,"createdby":"5f605acbae6da8148b6288a3","modifiedby":"5f605acbae6da8148b6288a3","__v":0},{"user_id":null,"has_expiry":true,"is_active":1,"created":"2021-01-02T05:53:58.800Z","modified":"2021-01-02T07:36:04.911Z","_id":"5ff00b5fe9347b22a371fb28","title":"DbZ9Dsus","franchise_id":"5f9bdf000842774b6138411d","coupon":"coupon_1609566850817.png","start_date":"2021-01-02T00:00:00.000Z","end_date":"2021-02-04T23:59:59.000Z","uses_number":1,"reuse_by_same_user":false,"disc_in":1,"disc_value":1,"createdby":"5f605acbae6da8148b6288a3","modifiedby":"5f605acbae6da8148b6288a3","__v":0}]}